"month","total_green","total_roasted","monthly_loss_pct"
"May",53600.00,48204.00,10.067164
"June",67000.00,65139.00,2.777612
"July",37000.00,34527.00,6.683784
"August",20000.00,18603.00,6.985000
"September",22000.00,20667.00,6.059091
"October",10000.00,8859.00,11.410000
"November",9000.00,7999.00,11.122222
"December",9000.00,7987.00,11.255556
